"number","run","sample","study"
1,"ERR1533225","ERS1250417","ERP016479"
2,"ERR1533230","ERS1250419","ERP016479"
3,"ERR1533221","ERS1250416","ERP016479"
4,"ERR1533218","ERS1250416","ERP016479"
5,"ERR1533172","ERS1250403","ERP016479"
6,"ERR1533178","ERS1250405","ERP016479"
7,"ERR1533171","ERS1250403","ERP016479"
8,"ERR1533238","ERS1250421","ERP016479"
9,"ERR1533214","ERS1250415","ERP016479"
10,"ERR1533209","ERS1250413","ERP016479"
11,"ERR1533227","ERS1250418","ERP016479"
12,"ERR1533240","ERS1250421","ERP016479"
13,"ERR1533204","ERS1250412","ERP016479"
14,"ERR1533211","ERS1250414","ERP016479"
15,"ERR1533181","ERS1250405","ERP016479"
16,"ERR1533174","ERS1250404","ERP016479"
17,"ERR1533243","ERS1250422","ERP016479"
18,"ERR1533228","ERS1250418","ERP016479"
19,"ERR1533234","ERS1250420","ERP016479"
20,"ERR1533239","ERS1250421","ERP016479"
21,"ERR1533223","ERS1250417","ERP016479"
22,"ERR1533202","ERS1250411","ERP016479"
23,"ERR1533213","ERS1250414","ERP016479"
24,"ERR1533232","ERS1250419","ERP016479"
25,"ERR1533170","ERS1250403","ERP016479"
26,"ERR1533203","ERS1250411","ERP016479"
27,"ERR1533207","ERS1250413","ERP016479"
28,"ERR1533175","ERS1250404","ERP016479"
29,"ERR1533233","ERS1250419","ERP016479"
30,"ERR1533182","ERS1250406","ERP016479"
31,"ERR1533229","ERS1250418","ERP016479"
32,"ERR1533180","ERS1250405","ERP016479"
33,"ERR1533198","ERS1250410","ERP016479"
34,"ERR1533220","ERS1250416","ERP016479"
35,"ERR1533216","ERS1250415","ERP016479"
36,"ERR1533177","ERS1250404","ERP016479"
37,"ERR1533235","ERS1250420","ERP016479"
38,"ERR1533226","ERS1250418","ERP016479"
39,"ERR1533210","ERS1250414","ERP016479"
40,"ERR1533241","ERS1250422","ERP016479"
41,"ERR1533179","ERS1250405","ERP016479"
42,"ERR1533191","ERS1250408","ERP016479"
43,"ERR1533197","ERS1250410","ERP016479"
44,"ERR1533217","ERS1250415","ERP016479"
45,"ERR1533206","ERS1250412","ERP016479"
46,"ERR1533219","ERS1250416","ERP016479"
47,"ERR1533224","ERS1250417","ERP016479"
48,"ERR1533237","ERS1250421","ERP016479"
49,"ERR1533208","ERS1250413","ERP016479"
50,"ERR1533201","ERS1250411","ERP016479"
51,"ERR1533212","ERS1250414","ERP016479"
52,"ERR1533222","ERS1250417","ERP016479"
53,"ERR1533173","ERS1250403","ERP016479"
54,"ERR1533244","ERS1250422","ERP016479"
55,"ERR1533193","ERS1250409","ERP016479"
56,"ERR1533236","ERS1250420","ERP016479"
57,"ERR1533231","ERS1250419","ERP016479"
58,"ERR1533192","ERS1250408","ERP016479"
59,"ERR1533190","ERS1250408","ERP016479"
60,"ERR1533184","ERS1250406","ERP016479"
61,"ERR1533205","ERS1250412","ERP016479"
62,"ERR1533242","ERS1250422","ERP016479"
63,"ERR1533189","ERS1250408","ERP016479"
64,"ERR1533186","ERS1250407","ERP016479"
65,"ERR1533200","ERS1250411","ERP016479"
66,"ERR1533195","ERS1250409","ERP016479"
67,"ERR1533215","ERS1250415","ERP016479"
68,"ERR1533199","ERS1250410","ERP016479"
69,"ERR1533194","ERS1250409","ERP016479"
70,"ERR1533183","ERS1250406","ERP016479"
71,"ERR1533187","ERS1250407","ERP016479"
72,"ERR1533188","ERS1250407","ERP016479"
73,"ERR1533196","ERS1250409","ERP016479"
74,"ERR1533176","ERS1250404","ERP016479"
75,"ERR1533185","ERS1250407","ERP016479"
76,"ERR1912869","ERS1647128","ERP016479"
77,"ERR1912899","ERS1647153","ERP016479"
78,"ERR1912878","ERS1647135","ERP016479"
79,"ERR1912881","ERS1647138","ERP016479"
80,"ERR1912884","ERS1647141","ERP016479"
81,"ERR1912873","ERS1647130","ERP016479"
82,"ERR1912886","ERS1647143","ERP016479"
83,"ERR1912868","ERS1647128","ERP016479"
84,"ERR1912867","ERS1647127","ERP016479"
85,"ERR1912874","ERS1647131","ERP016479"
86,"ERR1912883","ERS1647140","ERP016479"
87,"ERR1912877","ERS1647134","ERP016479"
88,"ERR1912887","ERS1647144","ERP016479"
89,"ERR1912898","ERS1647153","ERP016479"
90,"ERR1912888","ERS1647145","ERP016479"
91,"ERR1912872","ERS1647129","ERP016479"
92,"ERR1912882","ERS1647139","ERP016479"
93,"ERR1912885","ERS1647142","ERP016479"
94,"ERR1912879","ERS1647136","ERP016479"
95,"ERR1912891","ERS1647148","ERP016479"
96,"ERR1912875","ERS1647132","ERP016479"
97,"ERR1912876","ERS1647133","ERP016479"
98,"ERR1912896","ERS1647152","ERP016479"
99,"ERR1912890","ERS1647147","ERP016479"
100,"ERR1912893","ERS1647150","ERP016479"
101,"ERR1912865","ERS1647127","ERP016479"
102,"ERR1912894","ERS1647151","ERP016479"
103,"ERR1912897","ERS1647152","ERP016479"
104,"ERR1912889","ERS1647146","ERP016479"
105,"ERR1912892","ERS1647149","ERP016479"
106,"ERR1912880","ERS1647137","ERP016479"
107,"ERR1912866","ERS1647127","ERP016479"
108,"ERR1912871","ERS1647128","ERP016479"
109,"ERR1912870","ERS1647128","ERP016479"
110,"ERR1912895","ERS1647151","ERP016479"
